{
    "MSE": 0.3265168315555737,
    "R2": 0.5003612792885317
}